{
  "mean": 4.910328859310081,
  "std": 0.38070098939586544
}